{
    "id": "103913049183138r9ar8",
    "message": [
        {
            "command": 1,
            "param1": 47.3975025,
            "param2": 8.5554638,
            "param3": 40,
            "param4": 100,
            "param5": 15,
            "param6": 5
        }
    ]
}